Task,N,overran,cum_time_overran,victims_found,distance_total,distance_mean
1,605.0,0.0,0.0,5.0,2010.241769,357.2651457
2,405.0,0.0,0.0,5.0,2010.241769,357.2651457
3,405.0,0.0,0.0,5.0,2010.241769,357.2651457
4,605.0,0.0,0.0,5.0,2010.241769,357.2651457
5,605.0,0.0,0.0,5.0,2010.241769,357.2651457
6,155.0,0.0,0.0,5.0,2010.241769,357.2651457
7,1205.0,0.0,0.0,5.0,2010.241769,357.2651457
