Task,N,overran,cum_time_overran,victims_found,distance_total,distance_mean
1,255.0,0.0,0.0,6.0,5704.096158,1014.7746703
2,505.0,0.0,0.0,6.0,5704.096158,1014.7746703
3,505.0,0.0,0.0,6.0,5704.096158,1014.7746703
4,755.0,0.0,0.0,6.0,5704.096158,1014.7746703
5,755.0,0.0,0.0,6.0,5704.096158,1014.7746703
6,755.0,0.0,0.0,6.0,5704.096158,1014.7746703
7,1505.0,0.0,0.0,6.0,5704.096158,1014.7746703
