Task,N,mean,std,max,min,max_10_mean,max_10_std,max_10
1,480,0.023983333333333336,0.00947824995567337,0.07,0.002,0.0501,0.008312039460926544,[0.07, 0.06, 0.054, 0.048, 0.047, 0.046, 0.045, 0.044, 0.044, 0.043]
2,1060,0.14994056603773587,0.031458526990854455,0.237,0.061,0.2238,0.007704544113703287,[0.237, 0.235, 0.229, 0.227, 0.223, 0.223, 0.217, 0.217, 0.217, 0.213]
3,1060,7.771704716981132,7.956128421595591,23.827,0.507,23.2472,0.28056649835645064,[23.827, 23.5, 23.425, 23.396, 23.255, 23.205, 23.058, 22.974, 22.945, 22.887]
4,580,7.483918965517241,5.045150602514666,54.837,0.071,28.878000000000004,11.296517029598105,[54.837, 39.565, 38.939, 27.959, 25.92, 21.882, 21.744, 20.672, 18.763, 18.499]
5,580,0.0005793103448275863,0.0006583046723342639,0.004,0.0,0.0032,0.0004,[0.004, 0.004, 0.003, 0.003, 0.003, 0.003, 0.003, 0.003, 0.003, 0.003]
6,480,4.969677083333333,0.8810429602511786,6.578,1.801,6.5107,0.028941492705111226,[6.578, 6.54, 6.521, 6.519, 6.509, 6.5, 6.489, 6.486, 6.486, 6.479]
7,1780,30.62644382022472,5.591703289645124,126.691,21.584,76.6827,38.00363067142401,[126.691, 122.871, 111.851, 105.132, 104.095, 39.648, 39.157, 39.138, 39.129, 39.115]
