Task,N,overran,cum_time_overran,victims_found,distance_total,distance_mean
1,968.0,0.0,0.0,5.0,4460.578742000001,803.1000412
2,648.0,0.0,0.0,5.0,4460.578742000001,803.1000412
3,648.0,0.0,0.0,5.0,4460.578742000001,803.1000412
4,968.0,0.0,0.0,5.0,4460.578742000001,803.1000412
5,968.0,0.0,0.0,5.0,4460.578742000001,803.1000412
6,248.0,0.0,0.0,5.0,4460.578742000001,803.1000412
7,1928.0,0.0,0.0,5.0,4460.578742000001,803.1000412
