Message ID, $N$, \sum bytes, $N$ / second, bytes / second
0,290.0,10975.0,0.9666666666666667,36.583333333333336
1,3.0,136.0,0.01,0.4533333333333333
2,2320.0,516336.0,7.733333333333333,1721.12
3,0.0,0.0,0.0,0.0
4,2956.0,145843.0,9.853333333333333,486.1433333333333
